{"timestamps": {"../utility/function.hpp": 1453074031.6510317, "..\\allocator\\stl_allocator.hpp": 1453561174.4433205, "../variant/variant.hpp": 1453074031.6510317, "..\\allocator\\linear_allocator.hpp": 1453561174.4433205, "../allocator/linear_allocator.hpp": 1453074031.6476984, "..\\allocator\\intrusive_allocator.hpp": 1453561174.4433205, "class.hpp": 1453561174.4589453, "../allocator/canary_allocator.hpp": 1453074031.6476984, "..\\..\\examples\\reflection.cpp": 1453603823.773985, "detail\\type_info.hpp": 1453561174.4589453, "..\\variant\\variant.hpp": 1453561174.4745708, "../variant/multi_visitor.hpp": 1453074031.6510317, "..\\allocator\\lifo_allocator.hpp": 1453561174.4433205, "..\\allocator\\canary_allocator.hpp": 1453561174.4433205, "detail\\metatype.hpp": 1453561174.4589453, "../allocator/free_list.hpp": 1453074031.6476984, "..\\variant\\visitor.hpp": 1453561174.4745708, "../allocator/lifo_allocator.hpp": 1453074031.6476984, "detail/metatype.hpp": 1453358420.8424358, "function.hpp": 1453561174.4589453, "detail/type_info.hpp": 1453074031.6510317, "../allocator/embedded_allocator.hpp": 1453074031.6476984, "../utility/preprocessor.hpp": 1453074031.6510317, "..\\metatype\\metatype.hpp": 1453561174.4433205, "detail/metaobject.hpp": 1453138344.6978817, "../metatype/metatype.hpp": 1453074031.6476984, "..\\allocator\\embedded_allocator.hpp": 1453561174.4433205, "..\\utility\\throw.hpp": 1453561174.4589453, "..\\utility\\preprocessor.hpp": 1453561174.4589453, "../allocator/allocator_utils.hpp": 1453074031.6476984, "detail\\any.hpp": 1453561174.4589453, "../allocator/stl_allocator.hpp": 1453074031.6476984, "..\\allocator\\free_list.hpp": 1453561174.4433205, "detail/dynamic_call.hpp": 1453074031.6476984, "detail\\dynamic_call.hpp": 1453561174.4589453, "detail/any.hpp": 1453074031.6476984, "..\\allocator\\allocator_utils.hpp": 1453561174.4433205, "../variant/visitor.hpp": 1453074031.6510317, "field.hpp": 1453561174.4589453, "..\\utility\\function.hpp": 1453561174.4589453, "../utility/throw.hpp": 1453074031.6510317, "../../examples/reflection.cpp": 1453517003.3224223, "detail\\metaobject.hpp": 1453561174.4589453, "..\\variant\\multi_visitor.hpp": 1453561174.4589453, "..\\utility\\printers.hpp": 1453561174.4589453, "../allocator/intrusive_allocator.hpp": 1453074031.6476984, "../utility/printers.hpp": 1453074031.6510317, "metaclass.hpp": 1453561174.4589453}}