{"timestamps": {"../utility/function.hpp": 1453074031.6510317, "../variant/variant.hpp": 1453074031.6510317, "class.hpp": 1453074031.6476984, "../allocator/canary_allocator.hpp": 1453074031.6476984, "../utility/preprocessor.hpp": 1453074031.6510317, "../variant/multi_visitor.hpp": 1453074031.6510317, "../allocator/free_list.hpp": 1453074031.6476984, "../allocator/lifo_allocator.hpp": 1453074031.6476984, "../allocator/stl_allocator.hpp": 1453074031.6476984, "function.hpp": 1453459379.818253, "detail/type_info.hpp": 1453074031.6510317, "../allocator/embedded_allocator.hpp": 1453074031.6476984, "detail/metatype.hpp": 1453358420.8424358, "detail/metaobject.hpp": 1453138344.6978817, "../metatype/metatype.hpp": 1453074031.6476984, "../allocator/allocator_utils.hpp": 1453074031.6476984, "../allocator/linear_allocator.hpp": 1453074031.6476984, "detail/dynamic_call.hpp": 1453074031.6476984, "detail/any.hpp": 1453074031.6476984, "../variant/visitor.hpp": 1453074031.6510317, "field.hpp": 1453358718.4515252, "../utility/throw.hpp": 1453074031.6510317, "../../examples/reflection.cpp": 1453517003.3224223, "../allocator/intrusive_allocator.hpp": 1453074031.6476984, "../utility/printers.hpp": 1453074031.6510317, "metaclass.hpp": 1453307065.2923248}}