{"timestamps": {"..\\..\\..\\3rdParty\\cppasscii\\snippets\\Turbo\\list_algorithms.hpp": 1453561194.2112777, "../variant/variant.hpp": 1453074031.6510317, "..\\..\\..\\3rdParty\\cppasscii\\snippets\\sortvsqsort.cpp": 1453561185.6025798, "..\\..\\..\\3rdParty\\cppasscii\\snippets\\Turbo\\core.hpp": 1453561194.1762545, "..\\..\\..\\3rdParty\\cppasscii\\snippets\\value_wrapper.hpp": 1453561185.6182036, "..\\detail\\metatype.hpp": 1453561174.4589453, "..\\..\\allocator\\allocator_utils.hpp": 1453561174.4433205, "..\\..\\examples\\reflection.cpp": 1453603823.773985, "..\\variant\\variant.hpp": 1453561174.4745708, "../variant/multi_visitor.hpp": 1453074031.6510317, "..\\..\\..\\3rdParty\\cppasscii\\snippets\\Turbo\\string.hpp": 1453561194.2554703, "..\\..\\..\\3rdParty\\cppasscii\\snippets\\Turbo\\list.hpp": 1453561194.2092757, "..\\detail\\metaobject.hpp": 1453561174.4589453, "..\\..\\..\\3rdParty\\cppasscii\\snippets\\Turbo\\sqrt.hpp": 1453561194.2534697, "..\\..\\..\\3rdParty\\cppasscii\\snippets\\Turbo\\transformations.hpp": 1453561194.2644806, "..\\..\\..\\3rdParty\\cppasscii\\snippets\\event.hpp": 1453561185.5556877, "..\\..\\..\\3rdParty\\cppasscii\\snippets\\Turbo\\core\\bind.hpp": 1453561194.1872656, "..\\..\\..\\3rdParty\\cppasscii\\snippets\\Turbo\\vector.hpp": 1453561194.2765021, "../allocator/embedded_allocator.hpp": 1453074031.6476984, "..\\..\\..\\3rdParty\\cppasscii\\snippets\\Turbo\\traits.hpp": 1453561194.262477, "..\\..\\..\\3rdParty\\cppasscii\\snippets\\instantation_profiler.cpp": 1453561185.5556877, "..\\..\\..\\3rdParty\\cppasscii\\snippets\\Turbo\\color.hpp": 1453561194.1692393, "..\\..\\..\\3rdParty\\cppasscii\\snippets\\Turbo\\core\\expressions.hpp": 1453561194.193272, "detail\\any.hpp": 1453561174.4589453, "../allocator/linear_allocator.hpp": 1453074031.6476984, "..\\..\\..\\3rdParty\\cppasscii\\snippets\\Turbo\\core\\boolean_predicates.hpp": 1453561194.189258, "..\\allocator\\free_list.hpp": 1453561174.4433205, "..\\..\\variant\\variant.hpp": 1453561174.4745708, "..\\allocator\\allocator_utils.hpp": 1453561174.4433205, "../variant/visitor.hpp": 1453074031.6510317, "..\\..\\..\\3rdParty\\cppasscii\\snippets\\aabb_3d.h": 1453561185.5556877, "..\\..\\..\\3rdParty\\cppasscii\\snippets\\Turbo\\main.cpp": 1453561194.2132895, "detail\\metaobject.hpp": 1453561174.4589453, "..\\..\\..\\3rdParty\\cppasscii\\snippets\\Turbo\\random.hpp": 1453561194.2484643, "..\\utility\\printers.hpp": 1453561174.4589453, "..\\..\\..\\3rdParty\\cppasscii\\snippets\\make_unique.hpp": 1453561185.5713286, "../utility/preprocessor.hpp": 1453074031.6510317, "..\\allocator\\stl_allocator.hpp": 1453561174.4433205, "..\\..\\allocator\\intrusive_allocator.hpp": 1453561174.4433205, "..\\..\\utility\\printers.hpp": 1453561174.4589453, "..\\..\\..\\3rdParty\\cppasscii\\snippets\\Turbo\\utility.hpp": 1453561194.2744925, "..\\..\\..\\3rdParty\\cppasscii\\snippets\\scoped_resource.hpp": 1453561185.6025798, "class.hpp": 1453561174.4589453, "..\\..\\..\\3rdParty\\cppasscii\\snippets\\Turbo\\core\\basic_numeric_arithmetic.hpp": 1453561194.1822605, "detail\\metatype.hpp": 1453561174.4589453, "..\\..\\..\\3rdParty\\cppasscii\\snippets\\Turbo\\mandelbrot.hpp": 1453561194.216283, "..\\variant\\visitor.hpp": 1453561174.4745708, "..\\..\\..\\3rdParty\\cppasscii\\snippets\\Turbo\\wrapper.hpp": 1453561194.2784941, "..\\..\\..\\3rdParty\\cppasscii\\snippets\\operators.hpp": 1453561185.6025798, "../allocator/stl_allocator.hpp": 1453074031.6476984, "..\\..\\..\\3rdParty\\cppasscii\\snippets\\instantation_profiler.hpp": 1453561185.5556877, "..\\..\\..\\3rdParty\\cppasscii\\snippets\\math_2d.h": 1453561185.5713286, "..\\..\\..\\3rdParty\\ctti\\include\\ctti\\detail\\hash.hpp": 1453561196.5273805, "detail/type_info.hpp": 1453074031.6510317, "..\\..\\..\\3rdParty\\ctti\\include\\ctti\\detail\\string.hpp": 1453561196.5352023, "..\\metatype\\metatype.hpp": 1453561174.4433205, "..\\..\\..\\3rdParty\\cppasscii\\snippets\\polinomial.hpp": 1453561185.6025798, "..\\..\\..\\3rdParty\\cppasscii\\snippets\\Turbo\\iterator.hpp": 1453561194.2052817, "..\\..\\..\\3rdParty\\cppasscii\\snippets\\Turbo\\matrix3x3.hpp": 1453561194.218919, "..\\..\\variant\\multi_visitor.hpp": 1453561174.4589453, "..\\utility\\throw.hpp": 1453561174.4589453, "..\\..\\allocator\\lifo_allocator.hpp": 1453561174.4433205, "..\\..\\..\\3rdParty\\cppasscii\\snippets\\Turbo\\core\\concepts.hpp": 1453561194.19126, "..\\..\\allocator\\canary_allocator.hpp": 1453561174.4433205, "..\\variant\\multi_visitor.hpp": 1453561174.4589453, "..\\detail\\any.hpp": 1453561174.4589453, "detail\\dynamic_call.hpp": 1453561174.4589453, "..\\function.hpp": 1453561174.4589453, "..\\..\\..\\3rdParty\\cppasscii\\snippets\\Turbo\\chrono.hpp": 1453561194.167236, "..\\..\\..\\3rdParty\\cppasscii\\snippets\\string.hpp": 1453561185.6025798, "..\\..\\..\\3rdParty\\cppasscii\\snippets\\Turbo\\sort.hpp": 1453561194.2514665, "..\\..\\..\\3rdParty\\cppasscii\\snippets\\to_string.hpp": 1453561185.6182036, "..\\..\\utility\\function.hpp": 1453561174.4589453, "..\\utility\\function.hpp": 1453561174.4589453, "../utility/throw.hpp": 1453074031.6510317, "..\\..\\..\\3rdParty\\cppasscii\\snippets\\Turbo\\algorithm.hpp": 1453561194.1632369, "..\\..\\..\\3rdParty\\cppasscii\\snippets\\Turbo\\core\\value_t.hpp": 1453561194.1982667, "..\\..\\allocator\\embedded_allocator.hpp": 1453561174.4433205, "..\\..\\..\\3rdParty\\cppasscii\\snippets\\Turbo\\core\\assert.hpp": 1453561194.1802495, "..\\..\\..\\3rdParty\\cppasscii\\snippets\\Turbo\\tictactoe.hpp": 1453561194.2574737, "..\\..\\..\\3rdParty\\cppasscii\\snippets\\aabb_2d.h": 1453561185.5556877, "..\\..\\..\\3rdParty\\cppasscii\\snippets\\Turbo\\to_string.hpp": 1453561194.2604764, "..\\..\\allocator\\linear_allocator.hpp": 1453561174.4433205, "..\\..\\metatype\\metatype.hpp": 1453561174.4433205, "../allocator/canary_allocator.hpp": 1453074031.6476984, "detail\\type_info.hpp": 1453561174.4589453, "..\\allocator\\lifo_allocator.hpp": 1453561174.4433205, "../allocator/free_list.hpp": 1453074031.6476984, "..\\field.hpp": 1453561174.4589453, "../allocator/lifo_allocator.hpp": 1453074031.6476984, "..\\metaclass.hpp": 1453561174.4589453, "function.hpp": 1453561174.4589453, "..\\..\\..\\3rdParty\\cppasscii\\snippets\\numeric_comparisons.hpp": 1453561185.6025798, "detail/metaobject.hpp": 1453138344.6978817, "..\\..\\..\\3rdParty\\cppasscii\\snippets\\bind.hpp": 1453561185.5556877, "..\\..\\allocator\\stl_allocator.hpp": 1453561174.4433205, "..\\utility\\preprocessor.hpp": 1453561174.4589453, "../allocator/allocator_utils.hpp": 1453074031.6476984, "..\\..\\..\\3rdParty\\cppasscii\\snippets\\Turbo\\core\\basic_types.hpp": 1453561194.185253, "detail/dynamic_call.hpp": 1453074031.6476984, "field.hpp": 1453561174.4589453, "..\\detail\\type_info.hpp": 1453561174.4589453, "..\\..\\..\\3rdParty\\cppasscii\\snippets\\Turbo\\core\\function.hpp": 1453561194.196275, "../../examples/reflection.cpp": 1453517003.3224223, "../utility/function.hpp": 1453074031.6510317, "..\\allocator\\linear_allocator.hpp": 1453561174.4433205, "..\\..\\allocator\\free_list.hpp": 1453561174.4433205, "..\\allocator\\intrusive_allocator.hpp": 1453561174.4433205, "..\\..\\..\\3rdParty\\cppasscii\\snippets\\Turbo\\constexpr_string.hpp": 1453561194.174252, "..\\class.hpp": 1453561174.4589453, "..\\..\\..\\3rdParty\\cppasscii\\snippets\\Turbo\\complex.hpp": 1453561194.1722493, "..\\..\\..\\3rdParty\\cppasscii\\snippets\\Turbo\\for_loops.hpp": 1453561194.2032824, "..\\..\\..\\3rdParty\\ctti\\include\\ctti\\type_id.hpp": 1453561196.5392046, "..\\..\\..\\3rdParty\\cppasscii\\snippets\\Turbo\\trigonometry.hpp": 1453561194.2664976, "..\\allocator\\canary_allocator.hpp": 1453561174.4433205, "..\\..\\..\\3rdParty\\cppasscii\\snippets\\Turbo\\matrix4x4.hpp": 1453561194.2214203, "../utility/printers.hpp": 1453074031.6510317, "..\\..\\..\\3rdParty\\cppasscii\\snippets\\polymorphism.hpp": 1453561185.6025798,